[
  {
    "id": 1,
    "priority": 1,
    "action": { "type": "block" },
    "condition": {
      "urlFilter": "doubleclick.net",
      "resourceTypes": ["script", "xmlhttprequest"]
    }
  },
  {
    "id": 2,
    "priority": 1,
    "action": { "type": "block" },
    "condition": {
      "urlFilter": "googletagmanager.com",
      "resourceTypes": ["script", "xmlhttprequest"]
    }
  },
  {
    "id": 3,
    "priority": 1,
    "action": { "type": "block" },
    "condition": {
      "urlFilter": "facebook.net",
      "resourceTypes": ["script", "xmlhttprequest"]
    }
  },
  {
    "id": 4,
    "priority": 1,
    "action": { "type": "block" },
    "condition": {
      "urlFilter": "ads.yahoo.com",
      "resourceTypes": ["script", "xmlhttprequest"]
    }
  },
  {
    "id": 5,
    "priority": 1,
    "action": { "type": "block" },
    "condition": {
      "urlFilter": "scorecardresearch.com",
      "resourceTypes": ["script", "xmlhttprequest"]
    }
  },
  {
    "id": 6,
    "priority": 1,
    "action": { "type": "block" },
    "condition": {
      "urlFilter": "quantserve.com",
      "resourceTypes": ["script", "xmlhttprequest"]
    }
  }
]
